dataset,model_type,fold,iou_threshold,macro_f1_iou,macro_iou,f1_iou_Fixation,iou_Fixation,precision_iou_Fixation,recall_iou_Fixation,f1_iou_Saccade,iou_Saccade,precision_iou_Saccade,recall_iou_Saccade,f1_iou_Pursuit,iou_Pursuit,precision_iou_Pursuit,recall_iou_Pursuit,f1_iou_Blink,iou_Blink,precision_iou_Blink,recall_iou_Blink
gazecom,cnn_bilstm,1,0.5000,0.5990,0.9750,0.6096,0.9062,0.6816,0.5513,0.7695,0.9976,0.7736,0.7654,0.5192,0.9970,0.6383,0.4376,0.4977,0.9993,0.8169,0.3579
gazecom,cnn_bilstm,2,0.5000,0.6253,0.9761,0.6238,0.9099,0.6977,0.5640,0.7829,0.9978,0.7898,0.7762,0.5355,0.9973,0.6792,0.4420,0.5590,0.9994,0.8129,0.4259
gazecom,cnn_bilstm,3,0.5000,0.5932,0.9747,0.5970,0.9037,0.6825,0.5306,0.7696,0.9980,0.7697,0.7694,0.4859,0.9977,0.6704,0.3810,0.5202,0.9993,0.7972,0.3860
gazecom,cnn_bilstm,4,0.5000,0.5959,0.9743,0.5927,0.9025,0.6873,0.5210,0.7775,0.9977,0.7842,0.7709,0.4707,0.9978,0.6854,0.3585,0.5427,0.9991,0.8204,0.4054
gazecom,cnn_bilstm,5,0.5000,0.5868,0.9740,0.5900,0.9012,0.6766,0.5231,0.7678,0.9979,0.7700,0.7655,0.4718,0.9975,0.6472,0.3712,0.5176,0.9994,0.8103,0.3803
gazecom,cnn_lstm,1,0.5000,0.6443,0.9775,0.6461,0.9158,0.7010,0.5991,0.7931,0.9979,0.7900,0.7962,0.5699,0.9971,0.6647,0.4987,0.5680,0.9992,0.8030,0.4394
gazecom,cnn_lstm,2,0.5000,0.6243,0.9758,0.6209,0.9086,0.6970,0.5597,0.7813,0.9978,0.7921,0.7708,0.5331,0.9975,0.6803,0.4382,0.5618,0.9993,0.8147,0.4287
gazecom,cnn_lstm,3,0.5000,0.6376,0.9767,0.6333,0.9122,0.7036,0.5757,0.7903,0.9981,0.8018,0.7793,0.5564,0.9972,0.6828,0.4695,0.5706,0.9994,0.8172,0.4383
gazecom,cnn_lstm,4,0.5000,0.6210,0.9755,0.6165,0.9076,0.6933,0.5551,0.7852,0.9978,0.7950,0.7756,0.5195,0.9973,0.6685,0.4247,0.5629,0.9994,0.8121,0.4307
gazecom,cnn_lstm,5,0.5000,0.6410,0.9770,0.6375,0.9134,0.7038,0.5827,0.7921,0.9982,0.8048,0.7798,0.5630,0.9972,0.6738,0.4835,0.5715,0.9992,0.8104,0.4414
gazecom,conv_attention,1,0.5000,0.7993,0.9881,0.8091,0.9564,0.8305,0.7887,0.8162,0.9982,0.8245,0.8081,0.8203,0.9982,0.8465,0.7956,0.7518,0.9994,0.8466,0.6760
gazecom,conv_attention,2,0.5000,0.8099,0.9888,0.8239,0.9594,0.8431,0.8055,0.8119,0.9981,0.8178,0.8060,0.8420,0.9983,0.8653,0.8199,0.7618,0.9995,0.8457,0.6930
gazecom,conv_attention,3,0.5000,0.8102,0.9888,0.8223,0.9593,0.8421,0.8035,0.8141,0.9983,0.8228,0.8056,0.8381,0.9983,0.8613,0.8162,0.7664,0.9994,0.8483,0.6989
gazecom,conv_attention,4,0.5000,0.8152,0.9890,0.8284,0.9605,0.8479,0.8099,0.8144,0.9980,0.8237,0.8053,0.8481,0.9982,0.8698,0.8275,0.7699,0.9993,0.8508,0.7031
gazecom,conv_attention,5,0.5000,0.8098,0.9888,0.8212,0.9592,0.8426,0.8009,0.8139,0.9983,0.8241,0.8039,0.8391,0.9982,0.8651,0.8147,0.7648,0.9993,0.8485,0.6961
gazecom,skip_attseqnet,1,0.5000,0.5740,0.9728,0.5743,0.8972,0.6369,0.5228,0.7608,0.9975,0.7576,0.7640,0.4518,0.9971,0.5407,0.3880,0.5090,0.9995,0.8007,0.3731
gazecom,skip_attseqnet,2,0.5000,0.5682,0.9731,0.5755,0.8985,0.6308,0.5292,0.7454,0.9973,0.7315,0.7598,0.4597,0.9971,0.5484,0.3958,0.4921,0.9994,0.8080,0.3538
gazecom,skip_attseqnet,3,0.5000,0.5675,0.9731,0.5763,0.8976,0.6556,0.5142,0.7567,0.9976,0.7436,0.7703,0.4505,0.9977,0.6161,0.3550,0.4863,0.9994,0.8063,0.3482
gazecom,skip_attseqnet,4,0.5000,0.5682,0.9728,0.5754,0.8975,0.6354,0.5257,0.7523,0.9975,0.7428,0.7620,0.4633,0.9968,0.5526,0.3988,0.4819,0.9995,0.7921,0.3462
gazecom,skip_attseqnet,5,0.5000,0.5778,0.9736,0.5881,0.9000,0.6581,0.5316,0.7561,0.9978,0.7405,0.7724,0.4739,0.9971,0.6100,0.3875,0.4930,0.9996,0.8188,0.3527
gazecom,tcn,1,0.5000,0.6253,0.9765,0.6313,0.9115,0.7011,0.5742,0.7842,0.9978,0.7804,0.7880,0.5491,0.9973,0.6827,0.4593,0.5367,0.9993,0.8137,0.4005
gazecom,tcn,2,0.5000,0.6224,0.9764,0.6309,0.9115,0.6973,0.5760,0.7788,0.9977,0.7765,0.7812,0.5552,0.9972,0.6681,0.4750,0.5248,0.9994,0.8313,0.3834
gazecom,tcn,3,0.5000,0.6198,0.9763,0.6258,0.9109,0.6942,0.5696,0.7832,0.9979,0.7805,0.7859,0.5382,0.9972,0.6624,0.4532,0.5322,0.9993,0.8132,0.3955
gazecom,tcn,4,0.5000,0.6279,0.9766,0.6362,0.9122,0.7017,0.5819,0.7847,0.9976,0.7812,0.7881,0.5546,0.9972,0.6684,0.4739,0.5363,0.9993,0.8308,0.3959
gazecom,tcn,5,0.5000,0.6254,0.9769,0.6339,0.9131,0.6912,0.5854,0.7815,0.9979,0.7723,0.7910,0.5602,0.9973,0.6482,0.4932,0.5261,0.9995,0.8326,0.3846
hmr,cnn_bilstm,1,0.5000,0.6896,0.9842,0.7111,0.9499,0.7286,0.6944,0.6469,0.9988,0.7058,0.5971,0.8097,0.9911,0.8157,0.8038,0.5906,0.9969,0.7464,0.4886
hmr,cnn_bilstm,2,0.5000,0.6871,0.9843,0.7072,0.9505,0.7252,0.6901,0.6500,0.9985,0.6977,0.6084,0.8108,0.9912,0.8184,0.8035,0.5804,0.9970,0.7431,0.4761
hmr,cnn_bilstm,3,0.5000,0.6803,0.9839,0.7082,0.9484,0.7264,0.6909,0.6363,0.9990,0.7052,0.5796,0.7971,0.9911,0.8030,0.7913,0.5796,0.9971,0.7299,0.4806
hmr,cnn_bilstm,4,0.5000,0.6860,0.9840,0.7119,0.9482,0.7293,0.6953,0.6418,0.9995,0.7098,0.5857,0.8026,0.9906,0.8071,0.7982,0.5875,0.9976,0.7413,0.4866
hmr,cnn_bilstm,5,0.5000,0.6820,0.9840,0.7067,0.9485,0.7229,0.6912,0.6385,0.9988,0.6889,0.5950,0.8020,0.9912,0.8096,0.7945,0.5810,0.9975,0.7316,0.4818
hmr,cnn_lstm,1,0.5000,0.5830,0.9729,0.5760,0.8979,0.6622,0.5097,0.7656,0.9977,0.7953,0.7380,0.4674,0.9969,0.6097,0.3789,0.5231,0.9992,0.8079,0.3867
hmr,cnn_lstm,2,0.5000,0.6210,0.9758,0.6221,0.9093,0.6872,0.5683,0.7756,0.9976,0.7845,0.7669,0.5396,0.9970,0.6478,0.4623,0.5467,0.9993,0.8024,0.4145
hmr,cnn_lstm,3,0.5000,0.6009,0.9741,0.5911,0.9019,0.6690,0.5294,0.7722,0.9980,0.8068,0.7405,0.4963,0.9972,0.6122,0.4172,0.5440,0.9993,0.8101,0.4095
hmr,cnn_lstm,4,0.5000,0.6189,0.9755,0.6166,0.9083,0.6795,0.5644,0.7793,0.9976,0.7940,0.7651,0.5310,0.9969,0.6236,0.4624,0.5487,0.9993,0.8097,0.4149
hmr,cnn_lstm,5,0.5000,0.6068,0.9749,0.6051,0.9049,0.6854,0.5417,0.7734,0.9980,0.7952,0.7528,0.5081,0.9974,0.6531,0.4157,0.5407,0.9994,0.7802,0.4137
hmr,conv_attention,1,0.5000,0.8102,0.9909,0.8251,0.9709,0.8307,0.8196,0.7486,0.9993,0.8097,0.6961,0.9124,0.9960,0.9125,0.9123,0.7546,0.9972,0.7901,0.7222
hmr,conv_attention,2,0.5000,0.8066,0.9907,0.8218,0.9704,0.8284,0.8153,0.7376,0.9990,0.8039,0.6814,0.9133,0.9958,0.9167,0.9099,0.7537,0.9976,0.7992,0.7131
hmr,conv_attention,3,0.5000,0.8012,0.9907,0.8160,0.9701,0.8233,0.8087,0.7307,0.9994,0.8021,0.6710,0.9111,0.9958,0.9088,0.9134,0.7472,0.9974,0.7978,0.7025
hmr,conv_attention,4,0.5000,0.8130,0.9911,0.8296,0.9717,0.8348,0.8244,0.7409,0.9995,0.8090,0.6835,0.9166,0.9957,0.9119,0.9214,0.7648,0.9976,0.8093,0.7249
hmr,conv_attention,5,0.5000,0.8208,0.9917,0.8338,0.9735,0.8390,0.8286,0.7482,0.9993,0.8208,0.6874,0.9260,0.9962,0.9264,0.9257,0.7750,0.9977,0.8059,0.7465
hmr,skip_attseqnet,1,0.5000,0.6763,0.9831,0.6864,0.9443,0.7091,0.6651,0.6571,0.9990,0.7173,0.6062,0.8010,0.9915,0.8161,0.7865,0.5608,0.9975,0.7452,0.4496
hmr,skip_attseqnet,2,0.5000,0.6553,0.9821,0.6705,0.9411,0.6992,0.6440,0.6190,0.9984,0.6702,0.5751,0.7831,0.9911,0.8107,0.7573,0.5486,0.9978,0.7622,0.4286
hmr,skip_attseqnet,3,0.5000,0.6755,0.9830,0.6835,0.9443,0.7065,0.6620,0.6485,0.9993,0.7379,0.5785,0.8024,0.9914,0.8164,0.7888,0.5677,0.9971,0.7375,0.4615
hmr,skip_attseqnet,4,0.5000,0.6640,0.9825,0.6772,0.9421,0.7038,0.6525,0.6366,0.9994,0.7115,0.5760,0.7950,0.9905,0.8103,0.7802,0.5474,0.9979,0.7520,0.4303
hmr,skip_attseqnet,5,0.5000,0.6678,0.9828,0.6740,0.9435,0.6973,0.6522,0.6352,0.9991,0.7273,0.5637,0.7960,0.9909,0.8113,0.7813,0.5662,0.9977,0.7588,0.4515
hmr,tcn,1,0.5000,0.7104,0.9852,0.7261,0.9524,0.7403,0.7124,0.6890,0.9992,0.7630,0.6281,0.8268,0.9919,0.8237,0.8299,0.5998,0.9972,0.7577,0.4964
hmr,tcn,2,0.5000,0.7123,0.9852,0.7237,0.9523,0.7409,0.7072,0.6849,0.9988,0.7755,0.6132,0.8290,0.9921,0.8328,0.8253,0.6115,0.9977,0.7690,0.5075
hmr,tcn,3,0.5000,0.7107,0.9853,0.7241,0.9525,0.7412,0.7077,0.6836,0.9994,0.7690,0.6152,0.8287,0.9922,0.8312,0.8263,0.6064,0.9971,0.7541,0.5070
hmr,tcn,4,0.5000,0.7078,0.9851,0.7241,0.9520,0.7423,0.7068,0.6772,0.9992,0.7665,0.6065,0.8303,0.9917,0.8326,0.8281,0.5997,0.9976,0.7550,0.4973
hmr,tcn,5,0.5000,0.7092,0.9852,0.7206,0.9525,0.7391,0.7030,0.6855,0.9990,0.7747,0.6146,0.8271,0.9921,0.8329,0.8213,0.6035,0.9972,0.7597,0.5005
